"Fecha","DiaSemana","Rango","Diario","CambioDiario","CambioSemanal","Cines","Promedio","Acumulado","Dia","Estimado","Pelicula"
2015-12-18,"Friday",1,119119282,0,0,4134,28814,119119282,1,"false","Ep. 7: The Force Awakens"
2015-12-19,"Saturday",1,68294204,-42.7,0,4134,16520,187413486,2,"false","Ep. 7: The Force Awakens"
2015-12-20,"Sunday",1,60553189,-11.3,0,4134,14647,247966675,3,"false","Ep. 7: The Force Awakens"
2015-12-21,"Monday",1,40109742,-33.8,0,4134,9702,288076417,4,"false","Ep. 7: The Force Awakens"
2015-12-22,"Tuesday",1,37361729,-6.9,0,4134,9037,325438146,5,"false","Ep. 7: The Force Awakens"
2015-12-23,"Wednesday",1,38022183,1.8,0,4134,9197,363460329,6,"false","Ep. 7: The Force Awakens"
2015-12-24,"Thursday",1,27395725,-27.9,0,4134,6626,390856054,7,"false","Ep. 7: The Force Awakens"
2015-12-25,"Friday",1,49325663,80,-58.6,4134,11931,440181717,8,"false","Ep. 7: The Force Awakens"
2015-12-26,"Saturday",1,56731532,15,-16.9,4134,13723,496913249,9,"false","Ep. 7: The Force Awakens"
2015-12-27,"Sunday",1,43145665,-23.9,-28.7,4134,10436,540058914,10,"false","Ep. 7: The Force Awakens"
2015-12-28,"Monday",1,31362029,-27.3,-21.8,4134,7586,571420943,11,"false","Ep. 7: The Force Awakens"
2015-12-29,"Tuesday",1,29528583,-5.8,-21,4134,7142,600949526,12,"false","Ep. 7: The Force Awakens"
2015-12-30,"Wednesday",1,28085057,-4.9,-26.1,4134,6793,629034583,13,"false","Ep. 7: The Force Awakens"
2015-12-31,"Thursday",1,22932686,-18.3,-16.3,4134,5547,651967269,14,"false","Ep. 7: The Force Awakens"
2016-01-01,"Friday",1,34394152,50,-30.3,4134,8319,686361421,15,"false","Ep. 7: The Force Awakens"
2016-01-02,"Saturday",1,34368250,0.1,-39.4,4134,8313,720729671,16,"false","Ep. 7: The Force Awakens"
2016-01-03,"Sunday",1,21479271,-37.5,-50.2,4134,5195,742208942,17,"false","Ep. 7: The Force Awakens"
2016-01-04,"Monday",1,8021882,-62.7,-74.4,4134,1940,750230824,18,"false","Ep. 7: The Force Awakens"
2016-01-05,"Tuesday",1,7967428,-0.7,-73,4134,1927,758198252,19,"false","Ep. 7: The Force Awakens"
2016-01-06,"Wednesday",1,6210432,-22.1,-77.9,4134,1502,764408684,20,"false","Ep. 7: The Force Awakens"
2016-01-07,"Thursday",1,5972359,-3.8,-74,4134,1444,770381043,21,"false","Ep. 7: The Force Awakens"
2016-01-08,"Friday",2,10744380,79.9,-68.8,4134,2599,781125423,22,"false","Ep. 7: The Force Awakens"
2016-01-09,"Saturday",1,19204072,78.7,-44.1,4134,4645,800329495,23,"false","Ep. 7: The Force Awakens"
2016-01-10,"Sunday",1,12405333,-35.4,-42.2,4134,3000,812734828,24,"false","Ep. 7: The Force Awakens"
2016-01-11,"Monday",2,3108701,-74.9,-61.2,4134,751,815843529,25,"false","Ep. 7: The Force Awakens"
2016-01-12,"Tuesday",2,3844408,23.7,-51.7,4134,929,819687937,26,"false","Ep. 7: The Force Awakens"
2016-01-13,"Wednesday",2,3114937,-19,-49.8,4134,753,822802874,27,"false","Ep. 7: The Force Awakens"
2016-01-14,"Thursday",2,3129967,0.5,-47.6,4134,757,825932841,28,"false","Ep. 7: The Force Awakens"
2016-01-15,"Friday",3,6328954,102.2,-41.1,3822,1655,832261795,29,"false","Ep. 7: The Force Awakens"
2016-01-16,"Saturday",3,11028514,74.3,-42.6,3822,2885,843290309,30,"false","Ep. 7: The Force Awakens"
2016-01-17,"Sunday",3,8984649,-18.5,-27.6,3822,2350,852274958,31,"false","Ep. 7: The Force Awakens"
2016-01-18,"Monday",1,6678148,-25.7,114.8,3822,1747,858953106,32,"false","Ep. 7: The Force Awakens"
2016-01-19,"Tuesday",2,2380910,-64.3,-38.1,3822,622,861334016,33,"false","Ep. 7: The Force Awakens"
2016-01-20,"Wednesday",2,1814233,-23.8,-41.8,3822,474,863148249,34,"false","Ep. 7: The Force Awakens"
2016-01-21,"Thursday",2,1884097,3.9,-39.8,3822,492,865032346,35,"false","Ep. 7: The Force Awakens"
2016-01-22,"Friday",5,3535257,87.6,-44.1,3365,1050,868567603,36,"false","Ep. 7: The Force Awakens"
2016-01-23,"Saturday",2,6814652,92.8,-38.2,3365,2025,875382255,37,"false","Ep. 7: The Force Awakens"
2016-01-24,"Sunday",1,3728739,-45.3,-58.5,3365,1108,879110994,38,"false","Ep. 7: The Force Awakens"
2016-01-25,"Monday",2,1295742,-65.2,-80.6,3365,385,880406736,39,"false","Ep. 7: The Force Awakens"
2016-01-26,"Tuesday",2,1574483,21.5,-33.9,3365,467,881981219,40,"false","Ep. 7: The Force Awakens"
2016-01-27,"Wednesday",2,1324479,-15.9,-27,3365,393,883305698,41,"false","Ep. 7: The Force Awakens"
2016-01-28,"Thursday",2,1338464,1.1,-29,3365,397,884644162,42,"false","Ep. 7: The Force Awakens"
2016-01-29,"Friday",4,2468701,84.4,-30.2,2556,965,887112863,43,"false","Ep. 7: The Force Awakens"
2016-01-30,"Saturday",3,5089962,106.2,-25.3,2556,1991,892202825,44,"false","Ep. 7: The Force Awakens"
2016-01-31,"Sunday",3,3558021,-30.1,-4.6,2556,1392,895760846,45,"false","Ep. 7: The Force Awakens"
2016-02-01,"Monday",3,780785,-78.1,-39.7,2556,305,896541631,46,"false","Ep. 7: The Force Awakens"
2016-02-02,"Tuesday",4,927503,18.8,-41.1,2556,362,897469134,47,"false","Ep. 7: The Force Awakens"
2016-02-03,"Wednesday",3,798790,-13.9,-39.7,2556,312,898267924,48,"false","Ep. 7: The Force Awakens"
2016-02-04,"Thursday",3,803545,0.6,-40,2556,314,899071469,49,"false","Ep. 7: The Force Awakens"
2016-02-05,"Friday",6,1772763,120.6,-28.2,2262,783,900844232,50,"false","Ep. 7: The Force Awakens"
2016-02-06,"Saturday",4,3769739,112.6,-25.9,2262,1666,904613971,51,"false","Ep. 7: The Force Awakens"
2016-02-07,"Sunday",3,1430814,-62,-59.8,2262,632,906044785,52,"false","Ep. 7: The Force Awakens"
2016-02-08,"Monday",4,678633,-52.6,-13.1,2262,300,906723418,53,"false","Ep. 7: The Force Awakens"
2016-02-09,"Tuesday",4,708043,4.3,-23.7,2262,313,907431461,54,"false","Ep. 7: The Force Awakens"
2016-02-10,"Wednesday",4,628195,-11.3,-21.4,2262,277,908059656,55,"false","Ep. 7: The Force Awakens"
2016-02-11,"Thursday",3,585308,-6.8,-27.2,2262,258,908644964,56,"false","Ep. 7: The Force Awakens"
2016-02-12,"Friday",7,1188588,103.1,-33,1810,656,909833552,57,"false","Ep. 7: The Force Awakens"
2016-02-13,"Saturday",7,2461903,107.1,-34.7,1810,1360,912295455,58,"false","Ep. 7: The Force Awakens"
2016-02-14,"Sunday",6,2508785,1.9,75.3,1810,1386,914804240,59,"false","Ep. 7: The Force Awakens"
2016-02-15,"Monday",5,1481415,-41,118.3,1810,818,916285655,60,"false","Ep. 7: The Force Awakens"
2016-02-16,"Tuesday",5,575323,-61.2,-18.7,1810,317,916860978,61,"false","Ep. 7: The Force Awakens"
2016-02-17,"Wednesday",5,465786,-19,-25.9,1810,257,917326764,62,"false","Ep. 7: The Force Awakens"
2016-02-18,"Thursday",5,479531,3,-18.1,1810,264,917806295,63,"false","Ep. 7: The Force Awakens"
2016-02-19,"Friday",9,917914,91.4,-22.8,1618,567,918724209,64,"false","Ep. 7: The Force Awakens"
2016-02-20,"Saturday",8,1777894,93.7,-27.8,1618,1098,920502103,65,"false","Ep. 7: The Force Awakens"
2016-02-21,"Sunday",8,1211487,-31.9,-51.7,1618,748,921713590,66,"false","Ep. 7: The Force Awakens"
2016-02-22,"Monday",9,296878,-75.5,-80,1618,183,922010468,67,"false","Ep. 7: The Force Awakens"
2016-02-23,"Tuesday",9,365327,23.1,-36.5,1618,225,922375795,68,"false","Ep. 7: The Force Awakens"
2016-02-24,"Wednesday",9,316654,-13.3,-32,1618,195,922692449,69,"false","Ep. 7: The Force Awakens"
2016-02-25,"Thursday",9,309435,-2.3,-35.5,1618,191,923001884,70,"false","Ep. 7: The Force Awakens"
2016-02-26,"Friday",11,671519,117,-26.8,1433,468,923673403,71,"false","Ep. 7: The Force Awakens"
2016-02-27,"Saturday",11,1445740,115.3,-18.7,1433,1008,925119143,72,"false","Ep. 7: The Force Awakens"
2016-02-28,"Sunday",11,869180,-39.9,-28.3,1433,606,925988323,73,"false","Ep. 7: The Force Awakens"
2016-02-29,"Monday",11,237419,-72.7,-20,1433,165,926225742,74,"false","Ep. 7: The Force Awakens"
2016-03-01,"Tuesday",11,282460,19,-22.7,1433,197,926508202,75,"false","Ep. 7: The Force Awakens"
2016-03-02,"Wednesday",11,237754,-15.8,-24.9,1433,165,926745956,76,"false","Ep. 7: The Force Awakens"
2016-03-03,"Thursday",11,231559,-2.6,-25.2,1433,161,926977515,77,"false","Ep. 7: The Force Awakens"
2016-03-04,"Friday",15,423072,82.7,-37,1021,414,927400587,78,"false","Ep. 7: The Force Awakens"
2016-03-05,"Saturday",13,864129,104.3,-40.2,1021,846,928264716,79,"false","Ep. 7: The Force Awakens"
2016-03-06,"Sunday",12,577503,-33.2,-33.6,1021,565,928842219,80,"false","Ep. 7: The Force Awakens"
2016-03-07,"Monday",14,153120,-73.5,-35.5,1021,149,928995339,81,"false","Ep. 7: The Force Awakens"
2016-03-08,"Tuesday",15,163629,6.9,-42.1,1021,160,929158968,82,"false","Ep. 7: The Force Awakens"
2016-03-09,"Wednesday",14,146770,-10.3,-38.3,1021,143,929305738,83,"false","Ep. 7: The Force Awakens"
2016-03-10,"Thursday",13,153522,4.6,-33.7,1021,150,929459260,84,"false","Ep. 7: The Force Awakens"
2016-03-11,"Friday",14,309461,101.6,-26.9,760,407,929768721,85,"false","Ep. 7: The Force Awakens"
2016-03-12,"Saturday",14,581919,88,-32.7,760,765,930350640,86,"false","Ep. 7: The Force Awakens"
2016-03-13,"Sunday",14,406372,-30.2,-29.6,760,534,930757012,87,"false","Ep. 7: The Force Awakens"
2016-03-14,"Monday",14,144714,-64.4,-5.5,760,190,930901726,88,"false","Ep. 7: The Force Awakens"
2016-03-15,"Tuesday",14,166095,14.8,1.5,760,218,931067821,89,"false","Ep. 7: The Force Awakens"
2016-03-16,"Wednesday",14,148312,-10.7,1.1,760,195,931216133,90,"false","Ep. 7: The Force Awakens"
2016-03-17,"Thursday",14,142054,-4.2,-7.5,760,186,931358187,91,"false","Ep. 7: The Force Awakens"
2016-03-18,"Friday",17,240725,69.5,-22.2,568,423,931598912,92,"false","Ep. 7: The Force Awakens"
2016-03-19,"Saturday",15,428104,77.8,-26.4,568,753,932027016,93,"false","Ep. 7: The Force Awakens"
2016-03-20,"Sunday",15,297242,-30.6,-26.9,568,523,932324258,94,"false","Ep. 7: The Force Awakens"
2016-03-21,"Monday",13,123856,-58.3,-14.4,568,218,932448114,95,"false","Ep. 7: The Force Awakens"
2016-03-22,"Tuesday",15,134780,8.8,-18.9,568,237,932582894,96,"false","Ep. 7: The Force Awakens"
2016-03-23,"Wednesday",12,133075,-1.3,-10.3,568,234,932715969,97,"false","Ep. 7: The Force Awakens"
2016-03-24,"Thursday",9,141559,6.4,-0.3,568,249,932857528,98,"false","Ep. 7: The Force Awakens"
2016-03-25,"Friday",13,287489,103.1,19.4,552,520,933145017,99,"false","Ep. 7: The Force Awakens"
2016-03-26,"Saturday",12,323606,12.6,-24.4,552,586,933468623,100,"false","Ep. 7: The Force Awakens"
2016-03-27,"Sunday",13,205389,-36.5,-30.9,552,372,933674012,101,"false","Ep. 7: The Force Awakens"
2016-03-28,"Monday",10,142911,-30.4,15.4,552,258,933816923,102,"false","Ep. 7: The Force Awakens"
2016-03-29,"Tuesday",10,129437,-9.4,-4,552,234,933946360,103,"false","Ep. 7: The Force Awakens"
2016-03-30,"Wednesday",10,126362,-2.4,-5,552,228,934072722,104,"false","Ep. 7: The Force Awakens"
2016-03-31,"Thursday",10,143797,13.8,1.6,552,260,934216519,105,"false","Ep. 7: The Force Awakens"
2016-04-01,"Friday",13,211084,46.8,-26.6,462,456,934427603,106,"false","Ep. 7: The Force Awakens"
2016-04-02,"Saturday",13,303186,43.6,-6.3,462,656,934730789,107,"false","Ep. 7: The Force Awakens"
2016-04-03,"Sunday",13,167359,-44.8,-18.5,462,362,934898148,108,"false","Ep. 7: The Force Awakens"
2016-04-04,"Monday",13,56853,-66,-60.2,462,123,934955001,109,"false","Ep. 7: The Force Awakens"
2016-04-05,"Tuesday",13,67498,18.7,-47.9,462,146,935022499,110,"false","Ep. 7: The Force Awakens"
2016-04-06,"Wednesday",13,58258,-13.7,-53.9,462,126,935080757,111,"false","Ep. 7: The Force Awakens"
2016-04-07,"Thursday",13,68632,17.8,-52.3,462,148,935149389,112,"false","Ep. 7: The Force Awakens"
2016-04-08,"Friday",19,105483,53.7,-50,346,304,935254872,113,"false","Ep. 7: The Force Awakens"
2016-04-09,"Saturday",19,172954,64,-43,346,499,935427826,114,"false","Ep. 7: The Force Awakens"
2016-04-10,"Sunday",19,100486,-41.9,-40,346,290,935528312,115,"false","Ep. 7: The Force Awakens"
2016-04-11,"Monday",18,24858,-75.3,-56.3,346,71,935553170,116,"false","Ep. 7: The Force Awakens"
2016-04-12,"Tuesday",18,32087,29.1,-52.5,346,92,935585257,117,"false","Ep. 7: The Force Awakens"
2016-04-13,"Wednesday",19,24877,-22.5,-57.3,346,71,935610134,118,"false","Ep. 7: The Force Awakens"
2016-04-14,"Thursday",18,32555,30.9,-52.6,346,94,935642689,119,"false","Ep. 7: The Force Awakens"
2016-05-30,"Monday",39,1450,0,0,20,72,936660090,165,"false","Ep. 7: The Force Awakens"
2017-12-15,"Friday",1,104684491,0,0,4232,24736,104684491,1,"false","Ep. 8: The Last Jedi"
2017-12-16,"Saturday",1,63993205,-38.9,0,4232,15121,168677696,2,"false","Ep. 8: The Last Jedi"
2017-12-17,"Sunday",1,51331888,-19.8,0,4232,12129,220009584,3,"false","Ep. 8: The Last Jedi"
2017-12-18,"Monday",1,21556373,-58,0,4232,5093,241565957,4,"false","Ep. 8: The Last Jedi"
2017-12-19,"Tuesday",1,20254189,-6,0,4232,4785,261820146,5,"false","Ep. 8: The Last Jedi"
2017-12-20,"Wednesday",1,16889863,-16.6,0,4232,3990,278710009,6,"false","Ep. 8: The Last Jedi"
2017-12-21,"Thursday",1,17892347,5.9,0,4232,4227,296602356,7,"false","Ep. 8: The Last Jedi"
2017-12-22,"Friday",1,24763084,38.4,-76.3,4232,5851,321365440,8,"false","Ep. 8: The Last Jedi"
2017-12-23,"Saturday",1,29172415,17.8,-54.4,4232,6893,350537855,9,"false","Ep. 8: The Last Jedi"
2017-12-24,"Sunday",1,17629999,-39.6,-65.7,4232,4165,368167854,10,"false","Ep. 8: The Last Jedi"
2017-12-25,"Monday",1,27459557,55.8,27.4,4232,6488,395627411,11,"false","Ep. 8: The Last Jedi"
2017-12-26,"Tuesday",1,27734356,1,36.9,4232,6553,423361767,12,"false","Ep. 8: The Last Jedi"
2017-12-27,"Wednesday",1,21846132,-21.2,29.3,4232,5162,445207899,13,"false","Ep. 8: The Last Jedi"
2017-12-28,"Thursday",1,19490329,-10.8,8.9,4232,4605,464698228,14,"false","Ep. 8: The Last Jedi"
2017-12-29,"Friday",1,19029250,-2.4,-23.2,4232,4496,483727478,15,"false","Ep. 8: The Last Jedi"
2017-12-30,"Saturday",1,19924241,4.7,-31.7,4232,4707,503651719,16,"false","Ep. 8: The Last Jedi"
2017-12-31,"Sunday",1,13566649,-31.9,-23,4232,3205,517218368,17,"false","Ep. 8: The Last Jedi"
2018-01-01,"Monday",2,14293461,5.4,-47.9,4232,3377,531511829,18,"false","Ep. 8: The Last Jedi"
2018-01-02,"Tuesday",2,7876574,-44.9,-71.6,4232,1861,539388403,19,"false","Ep. 8: The Last Jedi"
2018-01-03,"Wednesday",2,5225332,-33.7,-76.1,4232,1234,544613735,20,"false","Ep. 8: The Last Jedi"
2018-01-04,"Thursday",2,4348867,-16.8,-77.7,4232,1027,548962602,21,"false","Ep. 8: The Last Jedi"
2018-01-05,"Friday",3,6523473,50,-65.7,4232,1541,555486075,22,"false","Ep. 8: The Last Jedi"
2018-01-06,"Saturday",3,10398845,59.4,-47.8,4232,2457,565884920,23,"false","Ep. 8: The Last Jedi"
2018-01-07,"Sunday",2,6806626,-34.5,-49.8,4232,1608,572691546,24,"false","Ep. 8: The Last Jedi"
2018-01-08,"Monday",2,1791497,-73.7,-87.5,4232,423,574483043,25,"false","Ep. 8: The Last Jedi"
2018-01-09,"Tuesday",2,2368317,32.2,-69.9,4232,559,576851360,26,"false","Ep. 8: The Last Jedi"
2018-01-10,"Wednesday",2,1744275,-26.3,-66.6,4232,412,578595635,27,"false","Ep. 8: The Last Jedi"
2018-01-11,"Thursday",2,1678949,-3.7,-61.4,4232,396,580274584,28,"false","Ep. 8: The Last Jedi"
2018-01-12,"Friday",7,2670813,59.1,-59.1,3090,864,582945397,29,"false","Ep. 8: The Last Jedi"
2018-01-13,"Saturday",6,4990298,86.8,-52,3090,1614,587935695,30,"false","Ep. 8: The Last Jedi"
2018-01-14,"Sunday",4,4193370,-16,-38.4,3090,1357,592129065,31,"false","Ep. 8: The Last Jedi"
2018-01-15,"Monday",5,2773240,-33.9,54.8,3090,897,594902305,32,"false","Ep. 8: The Last Jedi"
2018-01-16,"Tuesday",5,1103853,-60.2,-53.4,3090,357,596006158,33,"false","Ep. 8: The Last Jedi"
2018-01-17,"Wednesday",5,861084,-22,-50.6,3090,278,596867242,34,"false","Ep. 8: The Last Jedi"
2018-01-18,"Thursday",6,851234,-1.1,-49.3,3090,275,597718476,35,"false","Ep. 8: The Last Jedi"
2018-01-19,"Friday",9,1625633,91,-39.1,2456,661,599344109,36,"false","Ep. 8: The Last Jedi"
2018-01-20,"Saturday",7,3168473,94.9,-36.5,2456,1290,602512582,37,"false","Ep. 8: The Last Jedi"
2018-01-21,"Sunday",7,1761329,-44.4,-58,2456,717,604273911,38,"false","Ep. 8: The Last Jedi"
2018-01-22,"Monday",6,539120,-69.4,-80.6,2456,219,604813031,39,"false","Ep. 8: The Last Jedi"
2018-01-23,"Tuesday",7,676890,25.6,-38.7,2456,275,605489921,40,"false","Ep. 8: The Last Jedi"
2018-01-24,"Wednesday",7,531967,-21.4,-38.2,2456,216,606021888,41,"false","Ep. 8: The Last Jedi"
2018-01-25,"Thursday",6,519933,-2.3,-38.9,2456,211,606541821,42,"false","Ep. 8: The Last Jedi"
2018-01-26,"Friday",13,954781,83.6,-41.3,1745,547,607496602,43,"false","Ep. 8: The Last Jedi"
2018-01-27,"Saturday",10,1933603,102.5,-39,1745,1108,609430205,44,"false","Ep. 8: The Last Jedi"
2018-01-28,"Sunday",11,1365617,-29.4,-22.5,1745,782,610795822,45,"false","Ep. 8: The Last Jedi"
2018-01-29,"Monday",11,322382,-76.4,-40.2,1745,184,611118204,46,"false","Ep. 8: The Last Jedi"
2018-01-30,"Tuesday",13,385086,19.5,-43.1,1745,220,611503290,47,"false","Ep. 8: The Last Jedi"
2018-01-31,"Wednesday",13,306959,-20.3,-42.3,1745,175,611810249,48,"false","Ep. 8: The Last Jedi"
2018-02-01,"Thursday",11,306531,-0.1,-41,1745,175,612116780,49,"false","Ep. 8: The Last Jedi"
2018-02-02,"Friday",17,611248,99.4,-36,1467,416,612728028,50,"false","Ep. 8: The Last Jedi"
2018-02-03,"Saturday",13,1231261,101.4,-36.3,1467,839,613959289,51,"false","Ep. 8: The Last Jedi"
2018-02-04,"Sunday",14,495733,-59.7,-63.7,1467,337,614455022,52,"false","Ep. 8: The Last Jedi"
2018-02-05,"Monday",13,234836,-52.6,-27.2,1467,160,614689858,53,"false","Ep. 8: The Last Jedi"
2018-02-06,"Tuesday",14,279012,18.8,-27.5,1467,190,614968870,54,"false","Ep. 8: The Last Jedi"
2018-02-07,"Wednesday",14,233874,-16.2,-23.8,1467,159,615202744,55,"false","Ep. 8: The Last Jedi"
2018-02-08,"Thursday",14,233535,-0.1,-23.8,1467,159,615436279,56,"false","Ep. 8: The Last Jedi"
2018-02-09,"Friday",18,302407,29.5,-50.5,830,364,615738686,57,"false","Ep. 8: The Last Jedi"
2018-02-10,"Saturday",17,643888,112.9,-47.7,830,775,616382574,58,"false","Ep. 8: The Last Jedi"
2018-02-11,"Sunday",17,451118,-29.9,-9,830,543,616833692,59,"false","Ep. 8: The Last Jedi"
2018-02-12,"Monday",16,142393,-68.4,-39.4,830,171,616976085,60,"false","Ep. 8: The Last Jedi"
2018-02-13,"Tuesday",18,140623,-1.2,-49.6,830,169,617116708,61,"false","Ep. 8: The Last Jedi"
2018-02-14,"Wednesday",18,202432,44,-13.4,830,243,617319140,62,"false","Ep. 8: The Last Jedi"
2018-02-15,"Thursday",17,103637,-48.8,-55.6,830,124,617422777,63,"false","Ep. 8: The Last Jedi"
2018-02-16,"Friday",23,132463,27.8,-56.2,351,377,617555240,64,"false","Ep. 8: The Last Jedi"
2018-02-17,"Saturday",22,263352,98.8,-59.1,351,750,617818592,65,"false","Ep. 8: The Last Jedi"
2018-02-18,"Sunday",24,221883,-15.7,-50.8,351,632,618040475,66,"false","Ep. 8: The Last Jedi"
2018-02-19,"Monday",23,158864,-28.4,11.6,351,452,618199339,67,"false","Ep. 8: The Last Jedi"
2018-02-20,"Tuesday",22,65094,-59,-53.7,351,185,618264433,68,"false","Ep. 8: The Last Jedi"
2018-02-21,"Wednesday",23,58017,-10.9,-71.3,351,165,618322450,69,"false","Ep. 8: The Last Jedi"
2018-02-22,"Thursday",25,53268,-8.2,-48.6,351,151,618375718,70,"false","Ep. 8: The Last Jedi"
2018-02-23,"Friday",27,84125,57.9,-36.5,292,288,618459843,71,"false","Ep. 8: The Last Jedi"
2018-02-24,"Saturday",28,159028,89,-39.6,292,544,618618871,72,"false","Ep. 8: The Last Jedi"
2018-02-25,"Sunday",26,109685,-31,-50.6,292,375,618728556,73,"false","Ep. 8: The Last Jedi"
2018-02-26,"Monday",25,31338,-71.4,-80.3,292,107,618759894,74,"false","Ep. 8: The Last Jedi"
2018-02-27,"Tuesday",26,35605,13.6,-45.3,292,121,618795499,75,"false","Ep. 8: The Last Jedi"
2018-02-28,"Wednesday",26,34472,-3.2,-40.6,292,118,618829971,76,"false","Ep. 8: The Last Jedi"
2018-03-01,"Thursday",23,33665,-2.3,-36.8,292,115,618863636,77,"false","Ep. 8: The Last Jedi"
2018-03-02,"Friday",24,62230,84.9,-26,221,281,618925866,78,"false","Ep. 8: The Last Jedi"
2018-03-03,"Saturday",25,120723,94,-24.1,221,546,619046589,79,"false","Ep. 8: The Last Jedi"
2018-03-04,"Sunday",25,69736,-42.2,-36.4,221,315,619116325,80,"false","Ep. 8: The Last Jedi"
2018-03-05,"Monday",24,24200,-65.3,-22.8,221,109,619140525,81,"false","Ep. 8: The Last Jedi"
2018-03-06,"Tuesday",27,26422,9.2,-25.8,221,119,619166947,82,"false","Ep. 8: The Last Jedi"
2018-03-07,"Wednesday",24,27612,4.5,-19.9,221,124,619194559,83,"false","Ep. 8: The Last Jedi"
2018-03-08,"Thursday",27,23172,-16.1,-31.2,221,104,619217731,84,"false","Ep. 8: The Last Jedi"
2018-03-09,"Friday",22,66746,188,7.3,246,271,619284477,85,"false","Ep. 8: The Last Jedi"
2018-03-10,"Saturday",20,122200,83.1,1.2,246,496,619406677,86,"false","Ep. 8: The Last Jedi"
2018-03-11,"Sunday",19,76567,-37.3,9.8,246,311,619483244,87,"false","Ep. 8: The Last Jedi"
2018-03-12,"Monday",20,32531,-57.5,34.4,246,132,619515775,88,"false","Ep. 8: The Last Jedi"
2018-03-13,"Tuesday",20,36184,11.2,36.9,246,147,619551959,89,"false","Ep. 8: The Last Jedi"
2018-03-14,"Wednesday",20,33224,-8.2,20.3,246,135,619585183,90,"false","Ep. 8: The Last Jedi"
2018-03-15,"Thursday",19,31434,-5.4,35.7,246,127,619616617,91,"false","Ep. 8: The Last Jedi"
2018-03-16,"Friday",24,50038,59.2,-25,211,237,619666655,92,"false","Ep. 8: The Last Jedi"
2018-03-17,"Saturday",23,75189,50.3,-38.5,211,356,619741844,93,"false","Ep. 8: The Last Jedi"
2018-03-18,"Sunday",24,49529,-34.1,-35.3,211,234,619791373,94,"false","Ep. 8: The Last Jedi"
2018-03-19,"Monday",23,17899,-63.9,-45,211,84,619809272,95,"false","Ep. 8: The Last Jedi"
2018-03-20,"Tuesday",26,18418,2.9,-49.1,211,87,619827690,96,"false","Ep. 8: The Last Jedi"
2018-03-21,"Wednesday",25,17933,-2.6,-46,211,84,619845623,97,"false","Ep. 8: The Last Jedi"
2018-03-22,"Thursday",24,20186,12.6,-35.8,211,95,619865809,98,"false","Ep. 8: The Last Jedi"
2018-03-23,"Friday",29,29559,46.4,-40.9,150,197,619895368,99,"false","Ep. 8: The Last Jedi"
2018-03-24,"Saturday",30,44955,52.1,-40.2,150,299,619940323,100,"false","Ep. 8: The Last Jedi"
2018-03-25,"Sunday",31,27506,-38.8,-44.5,150,183,619967829,101,"false","Ep. 8: The Last Jedi"
2018-03-26,"Monday",29,14511,-47.2,-18.9,150,96,619982340,102,"false","Ep. 8: The Last Jedi"
2018-03-27,"Tuesday",28,16845,16.1,-8.5,150,112,619999185,103,"false","Ep. 8: The Last Jedi"
2018-03-28,"Wednesday",28,14468,-14.1,-19.3,150,96,620013653,104,"false","Ep. 8: The Last Jedi"
2018-03-29,"Thursday",28,17250,19.2,-14.5,150,115,620030903,105,"false","Ep. 8: The Last Jedi"
2018-03-30,"Friday",29,27758,60.9,-6.1,109,254,620058661,106,"false","Ep. 8: The Last Jedi"
2018-03-31,"Saturday",27,26916,-3,-40.1,109,246,620085577,107,"false","Ep. 8: The Last Jedi"
2018-04-01,"Sunday",32,12315,-54.2,-55.2,109,112,620097892,108,"false","Ep. 8: The Last Jedi"
2018-04-02,"Monday",32,8694,-29.4,-40.1,109,79,620106586,109,"false","Ep. 8: The Last Jedi"
2018-04-03,"Tuesday",34,7381,-15.1,-56.2,109,67,620113967,110,"false","Ep. 8: The Last Jedi"
2018-04-04,"Wednesday",36,6800,-7.9,-53,109,62,620120767,111,"false","Ep. 8: The Last Jedi"
2018-04-05,"Thursday",29,10254,50.8,-40.6,109,94,620131021,112,"false","Ep. 8: The Last Jedi"
2018-04-06,"Friday",36,11517,12.3,-58.5,61,188,620142538,113,"false","Ep. 8: The Last Jedi"
2018-04-07,"Saturday",37,14984,30.1,-44.3,61,245,620157522,114,"false","Ep. 8: The Last Jedi"
2018-04-08,"Sunday",39,7043,-53,-42.8,61,115,620164565,115,"false","Ep. 8: The Last Jedi"
2018-04-09,"Monday",37,1752,-75.1,-79.8,61,28,620166317,116,"false","Ep. 8: The Last Jedi"
2018-04-10,"Tuesday",38,2033,16,-72.5,61,33,620168350,117,"false","Ep. 8: The Last Jedi"
2018-04-11,"Wednesday",39,1982,-2.5,-70.9,61,32,620170332,118,"false","Ep. 8: The Last Jedi"
2018-04-12,"Thursday",40,2418,22,-76.4,61,39,620172750,119,"false","Ep. 8: The Last Jedi"
2018-04-13,"Friday",44,1460,-39.6,-87.3,28,52,620174210,120,"false","Ep. 8: The Last Jedi"
2018-04-14,"Saturday",44,2716,86,-81.9,28,97,620176926,121,"false","Ep. 8: The Last Jedi"
2018-04-15,"Sunday",46,1669,-38.5,-76.3,28,59,620178595,122,"false","Ep. 8: The Last Jedi"
2018-04-16,"Monday",41,621,-62.8,-64.6,28,22,620179216,123,"false","Ep. 8: The Last Jedi"
2018-04-17,"Tuesday",42,769,23.8,-62.2,28,27,620179985,124,"false","Ep. 8: The Last Jedi"
2018-04-18,"Wednesday",43,543,-29.4,-72.6,28,19,620180528,125,"false","Ep. 8: The Last Jedi"
2018-04-19,"Thursday",41,854,57.3,-64.7,28,30,620181382,126,"false","Ep. 8: The Last Jedi"
2019-12-20,"Friday",1,89615288,0,0,4406,20339,89615288,1,"false","Ep. 9: The Rise of Skywalker"
2019-12-21,"Saturday",1,47467565,-47,0,4406,10773,137082853,2,"false","Ep. 9: The Rise of Skywalker"
2019-12-22,"Sunday",1,40301011,-15.1,0,4406,9146,177383864,3,"false","Ep. 9: The Rise of Skywalker"
2019-12-23,"Monday",1,29389847,-27.1,0,4406,6670,206773711,4,"false","Ep. 9: The Rise of Skywalker"
2019-12-24,"Tuesday",1,20270474,-31,0,4406,4600,227044185,5,"false","Ep. 9: The Rise of Skywalker"
2019-12-25,"Wednesday",1,32165681,58.7,0,4406,7300,259209866,6,"false","Ep. 9: The Rise of Skywalker"
2019-12-26,"Thursday",1,30586950,-4.9,0,4406,6942,289796816,7,"false","Ep. 9: The Rise of Skywalker"
2019-12-27,"Friday",1,26069973,-14.8,-70.9,4406,5916,315866789,8,"false","Ep. 9: The Rise of Skywalker"
2019-12-28,"Saturday",1,25075535,-3.8,-47.2,4406,5691,340942324,9,"false","Ep. 9: The Rise of Skywalker"
2019-12-29,"Sunday",1,21244082,-15.3,-47.3,4406,4821,362186406,10,"false","Ep. 9: The Rise of Skywalker"
2019-12-30,"Monday",1,15302130,-28,-47.9,4406,3473,377488536,11,"false","Ep. 9: The Rise of Skywalker"
2019-12-31,"Tuesday",1,13217698,-13.6,-34.8,4406,2999,390706234,12,"false","Ep. 9: The Rise of Skywalker"
2020-01-01,"Wednesday",1,17076472,29.2,-46.9,4406,3875,407782706,13,"false","Ep. 9: The Rise of Skywalker"
2020-01-02,"Thursday",1,9274735,-45.7,-69.7,4406,2105,417057441,14,"false","Ep. 9: The Rise of Skywalker"
2020-01-03,"Friday",1,11038440,19,-57.7,4406,2505,428095881,15,"false","Ep. 9: The Rise of Skywalker"
2020-01-04,"Saturday",1,14319903,29.7,-42.9,4406,3250,442415784,16,"false","Ep. 9: The Rise of Skywalker"
2020-01-05,"Sunday",1,9166472,-36,-56.9,4406,2080,451582256,17,"false","Ep. 9: The Rise of Skywalker"
2020-01-06,"Monday",1,2978242,-67.5,-80.5,4406,675,454560498,18,"false","Ep. 9: The Rise of Skywalker"
2020-01-07,"Tuesday",1,3981109,33.7,-69.9,4406,903,458541607,19,"false","Ep. 9: The Rise of Skywalker"
2020-01-08,"Wednesday",1,2403487,-39.6,-85.9,4406,545,460945094,20,"false","Ep. 9: The Rise of Skywalker"
2020-01-09,"Thursday",1,2165596,-9.9,-76.7,4406,491,463110690,21,"false","Ep. 9: The Rise of Skywalker"
2020-01-10,"Friday",3,3892246,79.7,-64.7,4279,909,467002936,22,"false","Ep. 9: The Rise of Skywalker"
2020-01-11,"Saturday",2,6769352,73.9,-52.7,4279,1581,473772288,23,"false","Ep. 9: The Rise of Skywalker"
2020-01-12,"Sunday",2,4525436,-33.1,-50.6,4279,1057,478297724,24,"false","Ep. 9: The Rise of Skywalker"
2020-01-13,"Monday",2,1153399,-74.5,-61.3,4279,269,479451123,25,"false","Ep. 9: The Rise of Skywalker"
2020-01-14,"Tuesday",2,1856300,60.9,-53.4,4279,433,481307423,26,"false","Ep. 9: The Rise of Skywalker"
2016-12-16,"Friday",1,71094394,0,0,4157,17102,71094394,1,"false","Rogue One"
2016-12-17,"Saturday",1,46308115,-34.9,0,4157,11139,117402509,2,"false","Rogue One"
2016-12-18,"Sunday",1,37679172,-18.6,0,4157,9064,155081681,3,"false","Rogue One"
2016-12-19,"Monday",1,17596150,-53.3,0,4157,4232,172677831,4,"false","Rogue One"
2016-12-20,"Tuesday",1,17582978,0.1,0,4157,4229,190260809,5,"false","Rogue One"
2016-12-21,"Wednesday",1,14965790,-14.9,0,4157,3600,205226599,6,"false","Rogue One"
2016-12-22,"Thursday",1,16773075,12.1,0,4157,4034,221999674,7,"false","Rogue One"
2016-12-23,"Friday",1,22860256,36.3,-67.8,4157,5499,244859930,8,"false","Rogue One"
2016-12-24,"Saturday",1,15308508,-33,-66.9,4157,3682,260168438,9,"false","Rogue One"
2016-12-25,"Sunday",1,25865004,69,-31.4,4157,6222,286033442,10,"false","Rogue One"
2016-12-26,"Monday",1,32085637,24.1,82.3,4157,7718,318119079,11,"false","Rogue One"
2016-12-27,"Tuesday",1,22515612,-29.8,28.1,4157,5416,340634691,12,"false","Rogue One"
2016-12-28,"Wednesday",1,18021482,-20,20.4,4157,4335,358656173,13,"false","Rogue One"
2016-12-29,"Thursday",1,16722532,-7.2,-0.3,4157,4022,375378705,14,"false","Rogue One"
2016-12-30,"Friday",1,18224317,9,-20.3,4157,4384,393603022,15,"false","Rogue One"
2016-12-31,"Saturday",1,14632828,-19.7,-4.4,4157,3520,408235850,16,"false","Rogue One"
2017-01-01,"Sunday",1,16751857,14.5,-35.2,4157,4029,424987707,17,"false","Rogue One"
2017-01-02,"Monday",1,15913674,-5,-50.4,4157,3828,440901381,18,"false","Rogue One"
2017-01-03,"Tuesday",1,6268921,-60.6,-72.2,4157,1508,447170302,19,"false","Rogue One"
2017-01-04,"Wednesday",1,4237535,-32.4,-76.5,4157,1019,451407837,20,"false","Rogue One"
2017-01-05,"Thursday",1,3893517,-8.1,-76.7,4157,936,455301354,21,"false","Rogue One"
2017-01-06,"Friday",2,6084974,56.3,-66.6,4157,1463,461386328,22,"false","Rogue One"
2017-01-07,"Saturday",1,9558458,57.1,-34.7,4157,2299,470944786,23,"false","Rogue One"
2017-01-08,"Sunday",1,6420138,-32.8,-61.7,4157,1544,477364924,24,"false","Rogue One"
2017-01-09,"Monday",2,1759491,-72.6,-88.9,4157,423,479124415,25,"false","Rogue One"
2017-01-10,"Tuesday",2,2532047,43.9,-59.6,4157,609,481656462,26,"false","Rogue One"
2017-01-11,"Wednesday",3,1736301,-31.4,-59,4157,417,483392763,27,"false","Rogue One"
2017-01-12,"Thursday",3,1698971,-2.1,-56.4,4157,408,485091734,28,"false","Rogue One"
2017-01-13,"Friday",5,3260705,91.9,-46.4,3162,1031,488352439,29,"false","Rogue One"
2017-01-14,"Saturday",4,5757579,76.6,-39.8,3162,1820,494110018,30,"false","Rogue One"
2017-01-15,"Sunday",4,4449905,-22.7,-30.7,3162,1407,498559923,31,"false","Rogue One"
2017-01-16,"Monday",3,3338523,-25,89.7,3162,1055,501898446,32,"false","Rogue One"
2017-01-17,"Tuesday",3,1315572,-60.6,-48,3162,416,503214018,33,"false","Rogue One"
2017-01-18,"Wednesday",3,1007131,-23.4,-42,3162,318,504221149,34,"false","Rogue One"
2017-01-19,"Thursday",3,944414,-6.2,-44.4,3162,298,505165563,35,"false","Rogue One"
2017-01-20,"Friday",6,1755180,85.8,-46.2,2603,674,506920743,36,"false","Rogue One"
2017-01-21,"Saturday",6,3558816,102.8,-38.2,2603,1367,510479559,37,"false","Rogue One"
2017-01-22,"Sunday",7,1896474,-46.7,-57.4,2603,728,512376033,38,"false","Rogue One"
2017-01-23,"Monday",5,612079,-67.7,-81.7,2603,235,512988112,39,"false","Rogue One"
2017-01-24,"Tuesday",5,763713,24.8,-41.9,2603,293,513751825,40,"false","Rogue One"
2017-01-25,"Wednesday",5,587074,-23.1,-41.7,2603,225,514338899,41,"false","Rogue One"
2017-01-26,"Thursday",5,586674,0.1,-37.9,2603,225,514925573,42,"false","Rogue One"
2017-01-27,"Friday",8,1255174,113.9,-28.5,2049,612,516180747,43,"false","Rogue One"
2017-01-28,"Saturday",8,2440324,94.4,-31.4,2049,1190,518621071,44,"false","Rogue One"
2017-01-29,"Sunday",8,1579015,-35.3,-16.7,2049,770,520200086,45,"false","Rogue One"
2017-01-30,"Monday",7,368419,-76.7,-39.8,2049,179,520568505,46,"false","Rogue One"
2017-01-31,"Tuesday",8,449338,22,-41.2,2049,219,521017843,47,"false","Rogue One"
2017-02-01,"Wednesday",7,342079,-23.9,-41.7,2049,166,521359922,48,"false","Rogue One"
2017-02-02,"Thursday",7,349590,2.2,-40.4,2049,170,521709512,49,"false","Rogue One"
2017-02-03,"Friday",11,781497,123.5,-37.7,1613,484,522491009,50,"false","Rogue One"
2017-02-04,"Saturday",11,1593071,103.8,-34.7,1613,987,524084080,51,"false","Rogue One"
2017-02-05,"Sunday",11,548311,-65.6,-65.3,1613,339,524632391,52,"false","Rogue One"
2017-02-06,"Monday",9,258265,-52.9,-29.9,1613,160,524890656,53,"false","Rogue One"
2017-02-07,"Tuesday",10,305035,18.1,-32.1,1613,189,525195691,54,"false","Rogue One"
2017-02-08,"Wednesday",9,249072,-18.3,-27.2,1613,154,525444763,55,"false","Rogue One"
2017-02-09,"Thursday",9,222205,-10.8,-36.4,1613,137,525666968,56,"false","Rogue One"
2017-02-10,"Friday",12,355803,60.1,-54.5,929,382,526022771,57,"false","Rogue One"
2017-02-11,"Saturday",12,719646,102.3,-54.8,929,774,526742417,58,"false","Rogue One"
2017-02-12,"Sunday",12,420539,-41.6,-23.3,929,452,527162956,59,"false","Rogue One"
2017-02-13,"Monday",11,150569,-64.2,-41.7,929,162,527313525,60,"false","Rogue One"
2017-02-14,"Tuesday",13,260751,73.2,-14.5,929,280,527574276,61,"false","Rogue One"
2017-02-15,"Wednesday",12,128105,-50.9,-48.6,929,137,527702381,62,"false","Rogue One"
2017-02-16,"Thursday",10,109087,-14.8,-50.9,929,117,527811468,63,"false","Rogue One"
2017-02-17,"Friday",16,177317,62.5,-50.2,435,407,527988785,64,"false","Rogue One"
2017-02-18,"Saturday",17,336597,89.8,-53.2,435,773,528325382,65,"false","Rogue One"
2017-02-19,"Sunday",17,277394,-17.6,-34,435,637,528602776,66,"false","Rogue One"
2017-02-20,"Monday",15,204706,-26.2,36,435,470,528807482,67,"false","Rogue One"
2017-02-21,"Tuesday",19,81850,-60,-68.6,435,188,528889332,68,"false","Rogue One"
2017-02-22,"Wednesday",18,66159,-19.2,-48.4,435,152,528955491,69,"false","Rogue One"
2017-02-23,"Thursday",18,65053,-1.7,-40.4,435,149,529020544,70,"false","Rogue One"
2017-02-24,"Friday",23,98653,51.7,-44.4,284,347,529119197,71,"false","Rogue One"
2017-02-25,"Saturday",22,199385,102.1,-40.8,284,702,529318582,72,"false","Rogue One"
2017-02-26,"Sunday",20,125349,-37.1,-54.8,284,441,529443931,73,"false","Rogue One"
2017-02-27,"Monday",22,40005,-68.1,-80.5,284,140,529483936,74,"false","Rogue One"
2017-02-28,"Tuesday",23,46876,17.2,-42.7,284,165,529530812,75,"false","Rogue One"
2017-03-01,"Wednesday",22,38557,-17.7,-41.7,284,135,529569369,76,"false","Rogue One"
2017-03-02,"Thursday",21,35423,-8.1,-45.5,284,124,529604792,77,"false","Rogue One"
2017-03-03,"Friday",24,55412,56.4,-43.8,165,335,529660204,78,"false","Rogue One"
2017-03-04,"Saturday",24,105500,90.4,-47.1,165,639,529765704,79,"false","Rogue One"
2017-03-05,"Sunday",24,63029,-40.3,-49.7,165,381,529828733,80,"false","Rogue One"
2017-03-06,"Monday",26,18874,-70.1,-52.8,165,114,529847607,81,"false","Rogue One"
2017-03-07,"Tuesday",25,25526,35.2,-45.5,165,154,529873133,82,"false","Rogue One"
2017-03-08,"Wednesday",27,17436,-31.7,-54.8,165,105,529890569,83,"false","Rogue One"
2017-03-09,"Thursday",28,17831,2.3,-49.7,165,108,529908400,84,"false","Rogue One"
2017-03-10,"Friday",24,48687,173,-12.1,166,293,529957087,85,"false","Rogue One"
2017-03-11,"Saturday",23,100303,106,-4.9,166,604,530057390,86,"false","Rogue One"
2017-03-12,"Sunday",23,60657,-39.5,-3.8,166,365,530118047,87,"false","Rogue One"
2017-03-13,"Monday",24,22767,-62.5,20.6,166,137,530140814,88,"false","Rogue One"
2017-03-14,"Tuesday",24,29055,27.6,13.8,166,175,530169869,89,"false","Rogue One"
2017-03-15,"Wednesday",24,24399,-16,39.9,166,146,530194268,90,"false","Rogue One"
2017-03-16,"Thursday",23,51264,110.1,187.5,166,308,530245532,91,"false","Rogue One"
2017-03-17,"Friday",12,174366,240.1,258.1,179,974,530419898,92,"false","Rogue One"
2017-03-18,"Saturday",14,242602,39.1,141.9,179,1355,530662500,93,"false","Rogue One"
2017-03-19,"Sunday",21,85937,-64.6,41.7,179,480,530748437,94,"false","Rogue One"
2017-03-20,"Monday",20,28252,-67.1,24.1,179,157,530776689,95,"false","Rogue One"
2017-03-21,"Tuesday",23,33696,19.3,16,179,188,530810385,96,"false","Rogue One"
2017-03-22,"Wednesday",23,29397,-12.8,20.5,179,164,530839782,97,"false","Rogue One"
2017-03-23,"Thursday",20,27717,-5.7,-45.9,179,154,530867499,98,"false","Rogue One"
2017-03-24,"Friday",14,134780,386.3,-22.7,267,504,531002279,99,"false","Rogue One"
2017-03-25,"Saturday",15,212150,57.4,-12.6,267,794,531214429,100,"false","Rogue One"
2017-03-26,"Sunday",17,100062,-52.8,16.4,267,374,531314491,101,"false","Rogue One"
2017-03-27,"Monday",16,36605,-63.4,29.6,267,137,531351096,102,"false","Rogue One"
2017-03-28,"Tuesday",17,42553,16.2,26.3,267,159,531393649,103,"false","Rogue One"
2017-03-29,"Wednesday",16,37230,-12.5,26.6,267,139,531430879,104,"false","Rogue One"
2017-03-30,"Thursday",14,41617,11.8,50.1,267,155,531472496,105,"false","Rogue One"
2017-03-31,"Friday",16,77238,85.6,-42.7,224,344,531549734,106,"false","Rogue One"
2017-04-01,"Saturday",16,113232,46.6,-46.6,224,505,531662966,107,"false","Rogue One"
2017-04-02,"Sunday",17,58604,-48.2,-41.4,224,261,531721570,108,"false","Rogue One"
2017-04-03,"Monday",18,19905,-66,-45.6,224,88,531741475,109,"false","Rogue One"
2017-04-04,"Tuesday",19,21807,9.6,-48.8,224,97,531763282,110,"false","Rogue One"
2017-04-05,"Wednesday",20,18970,-13,-49,224,84,531782252,111,"false","Rogue One"
2017-04-06,"Thursday",17,22623,19.3,-45.6,224,100,531804875,112,"false","Rogue One"
2017-04-07,"Friday",22,45815,102.5,-40.7,177,258,531850690,113,"false","Rogue One"
2017-04-08,"Saturday",21,75265,64.3,-33.5,177,425,531925955,114,"false","Rogue One"
2017-04-09,"Sunday",26,32182,-57.2,-45.1,177,181,531958137,115,"false","Rogue One"
2017-04-10,"Monday",27,9288,-71.1,-53.3,177,52,531967425,116,"false","Rogue One"
2017-04-11,"Tuesday",27,10739,15.6,-50.8,177,60,531978164,117,"false","Rogue One"
2017-04-12,"Wednesday",27,10410,-3.1,-45.1,177,58,531988574,118,"false","Rogue One"
2017-04-13,"Thursday",25,14373,38.1,-36.5,177,81,532002947,119,"false","Rogue One"
2017-04-14,"Friday",30,28679,99.5,-37.4,121,237,532031626,120,"false","Rogue One"
2017-04-15,"Saturday",33,23976,-16.4,-68.1,121,198,532055602,121,"false","Rogue One"
2017-04-16,"Sunday",32,14209,-40.7,-55.8,121,117,532069811,122,"false","Rogue One"
2017-04-17,"Monday",33,6212,-56.3,-33.1,121,51,532076023,123,"false","Rogue One"
2017-04-18,"Tuesday",33,5291,-14.8,-50.7,121,43,532081314,124,"false","Rogue One"
2017-04-19,"Wednesday",34,4997,-5.6,-52,121,41,532086311,125,"false","Rogue One"
2017-04-20,"Thursday",31,5598,12,-61.1,121,46,532091909,126,"false","Rogue One"
2017-04-21,"Friday",35,10510,87.7,-63.4,71,148,532102419,127,"false","Rogue One"
2017-04-22,"Saturday",35,20107,91.3,-16.1,71,283,532122526,128,"false","Rogue One"
2017-04-23,"Sunday",36,9509,-52.7,-33.1,71,133,532132035,129,"false","Rogue One"
2017-04-24,"Monday",38,2239,-76.5,-64,71,31,532134274,130,"false","Rogue One"
2017-04-25,"Tuesday",39,2572,14.9,-51.4,71,36,532136846,131,"false","Rogue One"
2017-04-26,"Wednesday",35,2734,6.3,-45.3,71,38,532139580,132,"false","Rogue One"
2017-04-27,"Thursday",35,3324,21.6,-40.6,71,46,532142904,133,"false","Rogue One"
2017-04-28,"Friday",37,9696,191.7,-7.7,43,225,532152600,134,"false","Rogue One"
2017-04-29,"Saturday",40,14327,47.8,-28.7,43,333,532166927,135,"false","Rogue One"
2017-04-30,"Sunday",40,4769,-66.7,-49.8,43,110,532171696,136,"false","Rogue One"
2017-05-01,"Monday",45,1042,-78.2,-53.5,43,24,532172738,137,"false","Rogue One"
2017-05-02,"Tuesday",43,1408,35.1,-45.3,43,32,532174146,138,"false","Rogue One"
2017-05-03,"Wednesday",43,1066,-24.3,-61,43,24,532175212,139,"false","Rogue One"
2017-05-04,"Thursday",39,2112,98.1,-36.5,43,49,532177324,140,"false","Rogue One"
2018-05-25,"Friday",1,35375125,0,0,4381,8074,35375125,1,"false","Solo"
2018-05-26,"Saturday",1,24601896,-30.5,0,4381,5615,59977021,2,"false","Solo"
2018-05-27,"Sunday",1,24443468,-0.6,0,4381,5579,84420489,3,"false","Solo"
2018-05-28,"Monday",1,18596323,-23.9,0,4381,4244,103016812,4,"false","Solo"
2018-05-29,"Tuesday",1,7295767,-60.8,0,4381,1665,110312579,5,"false","Solo"
2018-05-30,"Wednesday",1,4855886,-33.4,0,4381,1108,115168465,6,"false","Solo"
2018-05-31,"Thursday",1,4424227,-8.9,0,4381,1009,119592692,7,"false","Solo"
2018-06-01,"Friday",1,8121086,83.6,-77,4381,1853,127713778,8,"false","Solo"
2018-06-02,"Saturday",1,12318620,51.7,-49.9,4381,2811,140032398,9,"false","Solo"
2018-06-03,"Sunday",1,8957176,-27.3,-63.4,4381,2044,148989574,10,"false","Solo"
2018-06-04,"Monday",1,2964621,-66.9,-84.1,4381,676,151954195,11,"false","Solo"
2018-06-05,"Tuesday",1,3987363,34.5,-45.3,4381,910,155941558,12,"false","Solo"
2018-06-06,"Wednesday",1,2544321,-36.2,-47.6,4381,580,158485879,13,"false","Solo"
2018-06-07,"Thursday",1,2465595,-3.1,-44.3,4381,562,160951474,14,"false","Solo"
2018-06-08,"Friday",3,4055635,64.5,-50.1,4335,935,165007109,15,"false","Solo"
2018-06-09,"Saturday",2,6551179,61.5,-46.8,4335,1511,171558288,16,"false","Solo"
2018-06-10,"Sunday",2,5141761,-21.5,-42.6,4335,1186,176700049,17,"false","Solo"
2018-06-11,"Monday",2,1803047,-64.9,-39.2,4335,415,178503096,18,"false","Solo"
2018-06-12,"Tuesday",2,2265615,25.7,-43.2,4335,522,180768711,19,"false","Solo"
2018-06-13,"Wednesday",2,1617851,-28.6,-36.4,4335,373,182386562,20,"false","Solo"
2018-06-14,"Thursday",2,1377525,-14.9,-44.1,4335,317,183764087,21,"false","Solo"
2018-06-15,"Friday",4,2488274,80.6,-38.6,3182,781,186252361,22,"false","Solo"
2018-06-16,"Saturday",4,3593143,44.4,-45.2,3182,1129,189845504,23,"false","Solo"
2018-06-17,"Sunday",4,3919639,9.1,-23.8,3182,1231,193765143,24,"false","Solo"
2018-06-18,"Monday",5,1100258,-71.9,-39,3182,345,194865401,25,"false","Solo"
2018-06-19,"Tuesday",5,1329329,20.8,-41.3,3182,417,196194730,26,"false","Solo"
2018-06-20,"Wednesday",6,1008965,-24.1,-37.6,3182,317,197203695,27,"false","Solo"
2018-06-21,"Thursday",4,928175,-8,-32.6,3182,291,198131870,28,"false","Solo"
2018-06-22,"Friday",6,1269170,36.7,-49,2338,542,199401040,29,"false","Solo"
2018-06-23,"Saturday",6,1914444,50.8,-46.7,2338,818,201315484,30,"false","Solo"
2018-06-24,"Sunday",6,1323918,-30.8,-66.2,2338,566,202639402,31,"false","Solo"
2018-06-25,"Monday",7,527879,-60.1,-52,2338,225,203167281,32,"false","Solo"
2018-06-26,"Tuesday",7,694944,31.6,-47.7,2338,297,203862225,33,"false","Solo"
2018-06-27,"Wednesday",7,552478,-20.5,-45.2,2338,236,204414703,34,"false","Solo"
2018-06-28,"Thursday",6,571412,3.4,-38.4,2338,244,204986115,35,"false","Solo"
2018-06-29,"Friday",9,753982,32,-40.6,1654,455,205740097,36,"false","Solo"
2018-06-30,"Saturday",9,1073990,42.4,-43.9,1654,649,206814087,37,"false","Solo"
2018-07-01,"Sunday",9,859698,-20,-35.1,1654,519,207673785,38,"false","Solo"
2018-07-02,"Monday",9,485731,-43.5,-8,1654,293,208159516,39,"false","Solo"
2018-07-03,"Tuesday",8,637351,31.2,-8.3,1654,385,208796867,40,"false","Solo"
2018-07-04,"Wednesday",10,666040,4.5,20.6,1654,402,209462907,41,"false","Solo"
2018-07-05,"Thursday",10,397190,-40.4,-30.5,1654,240,209860097,42,"false","Solo"
2018-07-06,"Friday",13,342946,-13.7,-54.5,778,440,210203043,43,"false","Solo"
2018-07-07,"Saturday",13,428462,24.9,-60.1,778,550,210631505,44,"false","Solo"
2018-07-08,"Sunday",14,300024,-30,-65.1,778,385,210931529,45,"false","Solo"
2018-07-09,"Monday",13,141994,-52.7,-70.8,778,182,211073523,46,"false","Solo"
2018-07-10,"Tuesday",14,173873,22.5,-72.7,778,223,211247396,47,"false","Solo"
2018-07-11,"Wednesday",13,147236,-15.3,-77.9,778,189,211394632,48,"false","Solo"
2018-07-12,"Thursday",11,118344,-19.6,-70.2,778,152,211512976,49,"false","Solo"
2018-07-13,"Friday",20,113687,-3.9,-66.8,315,360,211626663,50,"false","Solo"
2018-07-14,"Saturday",19,175597,54.5,-59,315,557,211802260,51,"false","Solo"
2018-07-15,"Sunday",21,118507,-32.5,-60.5,315,376,211920767,52,"false","Solo"
2018-07-16,"Monday",19,59032,-50.2,-58.4,315,187,211979799,53,"false","Solo"
2018-07-17,"Tuesday",20,79857,35.3,-54.1,315,253,212059656,54,"false","Solo"
2018-07-18,"Wednesday",21,58006,-27.4,-60.6,315,184,212117662,55,"false","Solo"
2018-07-19,"Thursday",17,56645,-2.3,-52.1,315,179,212174307,56,"false","Solo"
2018-07-20,"Friday",24,63679,12.4,-44,208,306,212237986,57,"false","Solo"
2018-07-21,"Saturday",22,100813,58.3,-42.6,208,484,212338799,58,"false","Solo"
2018-07-22,"Sunday",24,79847,-20.8,-32.6,208,383,212418646,59,"false","Solo"
2018-07-23,"Monday",25,37549,-53,-36.4,208,180,212456195,60,"false","Solo"
2018-07-24,"Tuesday",23,49346,31.4,-38.2,208,237,212505541,61,"false","Solo"
2018-07-25,"Wednesday",25,40236,-18.5,-30.6,208,193,212545777,62,"false","Solo"
2018-07-26,"Thursday",25,32982,-18,-41.8,208,158,212578759,63,"false","Solo"
2018-07-27,"Friday",26,43338,31.4,-31.9,165,262,212622097,64,"false","Solo"
2018-07-28,"Saturday",28,61065,40.9,-39.4,165,370,212683162,65,"false","Solo"
2018-07-29,"Sunday",27,47486,-22.2,-40.5,165,287,212730648,66,"false","Solo"
2018-07-30,"Monday",27,23985,-49.5,-36.1,165,145,212754633,67,"false","Solo"
2018-07-31,"Tuesday",28,28968,20.8,-41.3,165,175,212783601,68,"false","Solo"
2018-08-01,"Wednesday",29,27602,-4.7,-31.4,165,167,212811203,69,"false","Solo"
2018-08-02,"Thursday",28,25298,-8.3,-23.3,165,153,212836501,70,"false","Solo"
2018-08-03,"Friday",27,55710,120.2,28.5,200,278,212892211,71,"false","Solo"
2018-08-04,"Saturday",28,80660,44.8,32.1,200,403,212972871,72,"false","Solo"
2018-08-05,"Sunday",29,56553,-29.9,19.1,200,282,213029424,73,"false","Solo"
2018-08-06,"Monday",27,31306,-44.6,30.5,200,156,213060730,74,"false","Solo"
2018-08-07,"Tuesday",27,34148,9.1,17.9,200,170,213094878,75,"false","Solo"
2018-08-08,"Wednesday",27,30898,-9.5,11.9,200,154,213125776,76,"false","Solo"
2018-08-09,"Thursday",27,28669,-7.2,13.3,200,143,213154445,77,"false","Solo"
2018-08-10,"Friday",30,34065,18.8,-38.9,170,200,213188510,78,"false","Solo"
2018-08-11,"Saturday",29,56253,65.1,-30.3,170,330,213244763,79,"false","Solo"
2018-08-12,"Sunday",29,40820,-27.4,-27.8,170,240,213285583,80,"false","Solo"
2018-08-13,"Monday",31,18696,-54.2,-40.3,170,109,213304279,81,"false","Solo"
2018-08-14,"Tuesday",30,20912,11.9,-38.8,170,123,213325191,82,"false","Solo"
2018-08-15,"Wednesday",31,18545,-11.3,-40,170,109,213343736,83,"false","Solo"
2018-08-16,"Thursday",31,17926,-3.3,-37.5,170,105,213361662,84,"false","Solo"
2018-08-17,"Friday",32,26605,48.4,-21.9,152,175,213388267,85,"false","Solo"
2018-08-18,"Saturday",33,40519,52.3,-28,152,266,213428786,86,"false","Solo"
2018-08-19,"Sunday",28,33483,-17.4,-18,152,220,213462269,87,"false","Solo"
2018-08-20,"Monday",30,14024,-58.1,-25,152,92,213476293,88,"false","Solo"
2018-08-21,"Tuesday",31,15386,9.7,-26.4,152,101,213491679,89,"false","Solo"
2018-08-22,"Wednesday",31,13471,-12.4,-27.4,152,88,213505150,90,"false","Solo"
2018-08-23,"Thursday",28,16499,22.5,-8,152,108,213521649,91,"false","Solo"
2018-08-24,"Friday",35,21007,27.3,-21,118,178,213542656,92,"false","Solo"
2018-08-25,"Saturday",36,31359,49.3,-22.6,118,265,213574015,93,"false","Solo"
2018-08-26,"Sunday",38,19790,-36.9,-40.9,118,167,213593805,94,"false","Solo"
2018-08-27,"Monday",37,7338,-62.9,-47.7,118,62,213601143,95,"false","Solo"
2018-08-28,"Tuesday",38,8094,10.3,-47.4,118,68,213609237,96,"false","Solo"
2018-08-29,"Wednesday",37,7917,-2.2,-41.2,118,67,213617154,97,"false","Solo"
2018-08-30,"Thursday",34,8076,2,-51.1,118,68,213625230,98,"false","Solo"
2018-08-31,"Friday",40,13204,63.5,-37.1,90,146,213638434,99,"false","Solo"
2018-09-01,"Saturday",40,22822,72.8,-27.2,90,253,213661256,100,"false","Solo"
2018-09-02,"Sunday",39,24280,6.4,22.7,90,269,213685536,101,"false","Solo"
2018-09-03,"Monday",36,20951,-13.7,185.5,90,232,213706487,102,"false","Solo"
2018-09-04,"Tuesday",41,3755,-82.1,-53.6,90,41,213710242,103,"false","Solo"
2018-09-05,"Wednesday",44,3059,-18.5,-61.4,90,33,213713301,104,"false","Solo"
2018-09-06,"Thursday",43,3568,16.6,-55.8,90,39,213716869,105,"false","Solo"
2018-09-07,"Friday",47,6073,70.2,-54,62,97,213722942,106,"false","Solo"
2018-09-08,"Saturday",45,11516,89.6,-49.5,62,185,213734458,107,"false","Solo"
2018-09-09,"Sunday",47,6565,-43,-73,62,105,213741023,108,"false","Solo"
2018-09-10,"Monday",49,2112,-67.8,-89.9,62,34,213743135,109,"false","Solo"
2018-09-11,"Tuesday",50,2400,13.6,-36.1,62,38,213745535,110,"false","Solo"
2018-09-12,"Wednesday",51,1836,-23.5,-40,62,29,213747371,111,"false","Solo"
2018-09-13,"Thursday",48,2383,29.8,-33.2,62,38,213749754,112,"false","Solo"
2018-09-14,"Friday",53,3182,33.5,-47.6,40,79,213752936,113,"false","Solo"
2018-09-15,"Saturday",53,6096,91.6,-47.1,40,152,213759032,114,"false","Solo"
2018-09-16,"Sunday",51,3957,-35.1,-39.7,40,98,213762989,115,"false","Solo"
2018-09-17,"Monday",54,1097,-72.3,-48.1,40,27,213764086,116,"false","Solo"
2018-09-18,"Tuesday",53,1222,11.4,-49.1,40,30,213765308,117,"false","Solo"
2018-09-19,"Wednesday",54,896,-26.7,-51.2,40,22,213766204,118,"false","Solo"
2018-09-20,"Thursday",54,1308,46,-45.1,40,32,213767512,119,"false","Solo"
